--
-- PostgreSQL database dump
--

-- Dumped from database version 14.15
-- Dumped by pg_dump version 17.0

-- Started on 2024-12-19 08:58:40

SET statement_timeout = 0;
SET lock_timeout = 0;
SET idle_in_transaction_session_timeout = 0;
SET transaction_timeout = 0;
SET client_encoding = 'UTF8';
SET standard_conforming_strings = on;
SELECT pg_catalog.set_config('search_path', '', false);
SET check_function_bodies = false;
SET xmloption = content;
SET client_min_messages = warning;
SET row_security = off;

--
-- TOC entry 4 (class 2615 OID 2200)
-- Name: public; Type: SCHEMA; Schema: -; Owner: postgres
--

CREATE SCHEMA public;


ALTER SCHEMA public OWNER TO postgres;

--
-- TOC entry 3372 (class 0 OID 0)
-- Dependencies: 4
-- Name: SCHEMA public; Type: COMMENT; Schema: -; Owner: postgres
--

COMMENT ON SCHEMA public IS 'standard public schema';


SET default_tablespace = '';

SET default_table_access_method = heap;

--
-- TOC entry 211 (class 1259 OID 16845)
-- Name: Cities; Type: TABLE; Schema: public; Owner: postgres
--

CREATE TABLE public."Cities" (
    "Id" integer NOT NULL,
    "Name" text
);


ALTER TABLE public."Cities" OWNER TO postgres;

--
-- TOC entry 210 (class 1259 OID 16844)
-- Name: Cities_Id_seq; Type: SEQUENCE; Schema: public; Owner: postgres
--

ALTER TABLE public."Cities" ALTER COLUMN "Id" ADD GENERATED BY DEFAULT AS IDENTITY (
    SEQUENCE NAME public."Cities_Id_seq"
    START WITH 1
    INCREMENT BY 1
    NO MINVALUE
    NO MAXVALUE
    CACHE 1
);


--
-- TOC entry 217 (class 1259 OID 16869)
-- Name: Districts; Type: TABLE; Schema: public; Owner: postgres
--

CREATE TABLE public."Districts" (
    "Id" integer NOT NULL,
    "Name" text,
    "CityId" integer NOT NULL
);


ALTER TABLE public."Districts" OWNER TO postgres;

--
-- TOC entry 216 (class 1259 OID 16868)
-- Name: Districts_Id_seq; Type: SEQUENCE; Schema: public; Owner: postgres
--

ALTER TABLE public."Districts" ALTER COLUMN "Id" ADD GENERATED BY DEFAULT AS IDENTITY (
    SEQUENCE NAME public."Districts_Id_seq"
    START WITH 1
    INCREMENT BY 1
    NO MINVALUE
    NO MAXVALUE
    CACHE 1
);


--
-- TOC entry 221 (class 1259 OID 16895)
-- Name: Immovables; Type: TABLE; Schema: public; Owner: postgres
--

CREATE TABLE public."Immovables" (
    "Id" integer NOT NULL,
    "Block" text,
    "Parcel" text,
    "Type" text,
    "Coordinates" text,
    "NeighborhoodId" integer NOT NULL,
    "UserId" integer NOT NULL
);


ALTER TABLE public."Immovables" OWNER TO postgres;

--
-- TOC entry 220 (class 1259 OID 16894)
-- Name: Immovables_Id_seq; Type: SEQUENCE; Schema: public; Owner: postgres
--

ALTER TABLE public."Immovables" ALTER COLUMN "Id" ADD GENERATED BY DEFAULT AS IDENTITY (
    SEQUENCE NAME public."Immovables_Id_seq"
    START WITH 1
    INCREMENT BY 1
    NO MINVALUE
    NO MAXVALUE
    CACHE 1
);


--
-- TOC entry 213 (class 1259 OID 16853)
-- Name: Logs; Type: TABLE; Schema: public; Owner: postgres
--

CREATE TABLE public."Logs" (
    "Id" integer NOT NULL,
    "Status" character varying(100) NOT NULL,
    "UserID" integer NOT NULL,
    "OperationType" character varying(50) NOT NULL,
    "Description" character varying(500) NOT NULL,
    "DateAndTime" timestamp without time zone NOT NULL,
    "UserType" character varying(50) NOT NULL
);


ALTER TABLE public."Logs" OWNER TO postgres;

--
-- TOC entry 212 (class 1259 OID 16852)
-- Name: Logs_Id_seq; Type: SEQUENCE; Schema: public; Owner: postgres
--

ALTER TABLE public."Logs" ALTER COLUMN "Id" ADD GENERATED BY DEFAULT AS IDENTITY (
    SEQUENCE NAME public."Logs_Id_seq"
    START WITH 1
    INCREMENT BY 1
    NO MINVALUE
    NO MAXVALUE
    CACHE 1
);


--
-- TOC entry 219 (class 1259 OID 16882)
-- Name: Neighborhoods; Type: TABLE; Schema: public; Owner: postgres
--

CREATE TABLE public."Neighborhoods" (
    "Id" integer NOT NULL,
    "Name" text,
    "DistrictId" integer NOT NULL
);


ALTER TABLE public."Neighborhoods" OWNER TO postgres;

--
-- TOC entry 218 (class 1259 OID 16881)
-- Name: Neighborhoods_Id_seq; Type: SEQUENCE; Schema: public; Owner: postgres
--

ALTER TABLE public."Neighborhoods" ALTER COLUMN "Id" ADD GENERATED BY DEFAULT AS IDENTITY (
    SEQUENCE NAME public."Neighborhoods_Id_seq"
    START WITH 1
    INCREMENT BY 1
    NO MINVALUE
    NO MAXVALUE
    CACHE 1
);


--
-- TOC entry 215 (class 1259 OID 16861)
-- Name: Users; Type: TABLE; Schema: public; Owner: postgres
--

CREATE TABLE public."Users" (
    "Id" integer NOT NULL,
    "Name" text NOT NULL,
    "Surname" text NOT NULL,
    "Email" text NOT NULL,
    "PasswordHash" bytea NOT NULL,
    "PasswordSalt" bytea NOT NULL,
    "Phone" text NOT NULL,
    "Address" text NOT NULL,
    "Role" text NOT NULL
);


ALTER TABLE public."Users" OWNER TO postgres;

--
-- TOC entry 214 (class 1259 OID 16860)
-- Name: Users_Id_seq; Type: SEQUENCE; Schema: public; Owner: postgres
--

ALTER TABLE public."Users" ALTER COLUMN "Id" ADD GENERATED BY DEFAULT AS IDENTITY (
    SEQUENCE NAME public."Users_Id_seq"
    START WITH 1
    INCREMENT BY 1
    NO MINVALUE
    NO MAXVALUE
    CACHE 1
);


--
-- TOC entry 209 (class 1259 OID 16839)
-- Name: __EFMigrationsHistory; Type: TABLE; Schema: public; Owner: postgres
--

CREATE TABLE public."__EFMigrationsHistory" (
    "MigrationId" character varying(150) NOT NULL,
    "ProductVersion" character varying(32) NOT NULL
);


ALTER TABLE public."__EFMigrationsHistory" OWNER TO postgres;

--
-- TOC entry 3356 (class 0 OID 16845)
-- Dependencies: 211
-- Data for Name: Cities; Type: TABLE DATA; Schema: public; Owner: postgres
--

COPY public."Cities" ("Id", "Name") FROM stdin;
1	Adana
2	Adıyaman
3	Afyon
4	Ağrı
5	Amasya
6	Ankara
7	Antalya
8	Artvin
9	Aydın
10	Balıkesir
11	Bilecik
12	Bingöl
13	Bitlis
14	Bolu
15	Burdur
16	Bursa
17	Çanakkale
18	Çankırı
19	Çorum
20	Denizli
21	Diyarbakır
22	Edirne
23	Elazığ
24	Erzincan
25	Erzurum
26	Eskişehir
27	Gaziantep
28	Giresun
29	Gümüşhane
30	Hakkari
31	Hatay
32	Isparta
33	Mersin
34	İstanbul
35	İzmir
36	Kars
37	Kastamonu
38	Kayseri
39	Kırklareli
40	Kırşehir
41	Kocaeli
42	Konya
43	Kütahya
44	Malatya
45	Manisa
46	Kahramanmaraş
47	Mardin
48	Muğla
49	Muş
50	Nevşehir
51	Niğde
52	Ordu
53	Rize
54	Sakarya
55	Samsun
56	Siirt
57	Sinop
58	Sivas
59	Tekirdağ
60	Tokat
61	Trabzon
62	Tunceli
63	Şanlıurfa
64	Uşak
65	Van
66	Yozgat
67	Zonguldak
68	Aksaray
69	Bayburt
70	Karaman
71	Kırıkkale
72	Batman
73	Şırnak
74	Bartın
75	Ardahan
76	Iğdır
77	Yalova
78	Karabük
79	Kilis
80	Osmaniye
81	Düzce
\.


--
-- TOC entry 3362 (class 0 OID 16869)
-- Dependencies: 217
-- Data for Name: Districts; Type: TABLE DATA; Schema: public; Owner: postgres
--

COPY public."Districts" ("Id", "Name", "CityId") FROM stdin;
1	Seyhan	1
2	Yüreğir	1
3	Çukurova	1
4	Ceyhan	1
5	Kozan	1
6	Aladağ	1
7	Feke	1
8	İmamoğlu	1
9	Karaisalı	1
10	Karataş	1
11	Pozantı	1
12	Saimbeyli	1
13	Tufanbeyli	1
14	Yumurtalık	1
15	Merkez	2
16	Besni	2
17	Çelikhan	2
18	Gerger	2
19	Gölbaşı	2
20	Kahta	2
21	Samsat	2
22	Sincik	2
23	Tut	2
24	Merkez	3
25	Bolvadin	3
26	Çay	3
27	Dinar	3
28	Emirdağ	3
29	İhsaniye	3
30	Sandıklı	3
31	Sinanpaşa	3
32	Sultandağı	3
33	Şuhut	3
34	Başmakçı	3
35	Bayat	3
36	Çobanlar	3
37	Hocalar	3
38	Kızılören	3
39	Merkez	4
40	Diyadin	4
41	Doğubayazıt	4
42	Eleşkirt	4
43	Hamur	4
44	Patnos	4
45	Taşlıçay	4
46	Tutak	4
47	Merkez	5
48	Göynüek	5
49	Gümüşhacıköy	5
50	Hamamözü	5
51	Merzifon	5
52	Suluova	5
53	Taşova	5
54	Altındağ	6
55	Çankaya	6
56	Etimesgut	6
57	Keçiören	6
58	Mamak	6
59	Sincan	6
60	Yenimahalle	6
61	Gölbaşı	6
62	Kızılcahamam	6
63	Haymana	6
64	Beypazarı	6
65	Şereflikoçhisar	6
66	Nallıhan	6
67	Ayaş	6
68	Polatlı	6
69	Kalecik	6
70	Akyurt	6
71	Çubuk	6
72	Kepez	7
73	Muratpaşa	7
74	Konyaaltı	7
75	Alanya	7
76	Manavgat	7
77	Kaş	7
78	Kemer	7
79	Serik	7
80	Gazipaşa	7
81	Finike	7
82	Kumluca	7
83	Elmalı	7
84	Demre	7
85	Akseki	7
86	Gündoğmuş	7
87	Merkez	8
88	Ardanuç	8
89	Arhavi	8
90	Borçka	8
91	Hopa	8
92	Murgul	8
93	Şavşat	8
94	Yusufeli	8
95	Efeler	9
96	Nazilli	9
97	Söke	9
98	Kuşadası	9
99	Didim	9
100	Germencik	9
101	Bozdoğan	9
102	Çine	9
103	Karacasu	9
104	Koçarlı	9
105	Kuyucak	9
106	Yenipazar	9
107	Buharkent	9
108	Altıeylül	10
109	Karesi	10
110	Bandırma	10
111	Edremit	10
112	Burhaniye	10
113	Ayvalık	10
114	Gönen	10
115	Havran	10
116	İvrindi	10
117	Kepsut	10
118	Manyas	10
119	Sındırgı	10
120	Susurluk	10
121	Merkez	11
122	Bozüyük	11
123	Gölpazarı	11
124	Osmaneli	11
125	Pazaryeri	11
126	Söğüt	11
127	Yenipazar	11
128	İnhisar	11
129	Merkez	12
130	Genç	12
131	Karlıova	12
132	Kiğı	12
133	Solhan	12
134	Adaklı	12
135	Yayladere	12
136	Yedisu	12
137	Merkez	13
138	Adilcevaz	13
139	Ahlat	13
140	Güroymak	13
141	Hizan	13
142	Mutki	13
143	Tatvan	13
144	Merkez	14
145	Gerede	14
146	Göynük	14
147	Kıbrıscık	14
148	Mengen	14
149	Mudurnu	14
150	Seben	14
151	Dörtdivan	14
152	Yeniçağa	14
153	Merkez	15
154	Ağlasun	15
155	Bucak	15
156	Çavdır	15
157	Çeltikçi	15
158	Gölhisar	15
159	Karamanlı	15
160	Kemer	15
161	Tefenni	15
162	Yeşilova	15
163	Nilüfer	16
164	Osmangazi	16
165	Yıldırım	16
166	Gemlik	16
167	İnegöl	16
168	Karacabey	16
169	Kestel	16
170	Mudanya	16
171	Mustafakemalpaşa	16
172	Orhaneli	16
173	Orhangazi	16
174	Yenişehir	16
175	Büyükorhan	16
176	Harmancık	16
177	Keles	16
178	Merkez	17
179	Ayvacık	17
180	Bayramiç	17
181	Biga	17
182	Bozcaada	17
183	Çan	17
184	Eceabat	17
185	Ezine	17
186	Gelibolu	17
187	Gökçeada	17
188	Lapseki	17
189	Yenice	17
190	Merkez	18
191	Atkaracalar	18
192	Bayramören	18
193	Çerkeş	18
194	Eldivan	18
195	Ilgaz	18
196	Kızılırmak	18
197	Korgun	18
198	Kurşunlu	18
199	Orta	18
200	Şabanözü	18
201	Yapraklı	18
202	Alaca	19
203	Bayat	19
204	Boğazkale	19
205	Dodurga	19
206	İskilip	19
207	Kargı	19
208	Laçin	19
209	Mecitözü	19
210	Oğuzlar	19
211	Ortaköy	19
212	Osmancık	19
213	Sungurlu	19
214	Uğurludağ	19
215	Acıpayam	20
216	Babadağ	20
217	Baklan	20
218	Bekilli	20
219	Beyağaç	20
220	Bozkurt	20
221	Buldan	20
222	Çal	20
223	Çameli	20
224	Çardak	20
225	Çivril	20
226	Güney	20
227	Honaz	20
228	Kale	20
229	Merkezefendi	20
230	Pamukkale	20
231	Sarayköy	20
232	Serinhisar	20
233	Tavas	20
234	Bağlar	21
235	Bismil	21
236	Çermik	21
237	Çınar	21
238	Çüngüş	21
239	Dicle	21
240	Eğil	21
241	Ergani	21
242	Hani	21
243	Hazro	21
244	Kayapınar	21
245	Kocaköy	21
246	Kulp	21
247	Lice	21
248	Silvan	21
249	Sur	21
250	Yenişehir	21
251	Enez	22
252	Havsa	22
253	İpsala	22
254	Keşan	22
255	Lalapaşa	22
256	Meriç	22
257	Süloğlu	22
258	Uzunköprü	22
259	Ağın	23
260	Alacakaya	23
261	Arıcak	23
262	Baskil	23
263	Karakoçan	23
264	Keban	23
265	Kovancılar	23
266	Maden	23
267	Palu	23
268	Sivrice	23
269	Çayırlı	24
270	İliç	24
271	Kemah	24
272	Kemaliye	24
273	Otlukbeli	24
274	Refahiye	24
275	Tercan	24
276	Üzümlü	24
277	Aşkale	25
278	Aziziye	25
279	Çat	25
280	Hınıs	25
281	Horasan	25
282	İspir	25
283	Karaçoban	25
284	Karayazı	25
285	Köprüköy	25
286	Narman	25
287	Oltu	25
288	Olur	25
289	Palandöken	25
290	Pasinler	25
291	Pazaryolu	25
292	Şenkaya	25
293	Tekman	25
294	Tortum	25
295	Uzundere	25
296	Yakutiye	25
297	Alpu	26
298	Beylikova	26
299	Çifteler	26
300	Günyüzü	26
301	Han	26
302	İnönü	26
303	Mahmudiye	26
304	Mihalgazi	26
305	Mihalıççık	26
306	Odunpazarı	26
307	Sarıcakaya	26
308	Seyitgazi	26
309	Sivrihisar	26
310	Tepebaşı	26
311	Araban	27
312	İslahiye	27
313	Karkamış	27
314	Nizip	27
315	Nurdağı	27
316	Oğuzeli	27
317	Şahinbey	27
318	Şehitkamil	27
319	Yavuzeli	27
320	Alucra	28
321	Bulancak	28
322	Çamoluk	28
323	Çanakçı	28
324	Dereli	28
325	Doğankent	28
326	Espiye	28
327	Eynesil	28
328	Görele	28
329	Güce	28
330	Keşap	28
331	Piraziz	28
332	Şebinkarahisar	28
333	Tirebolu	28
334	Yağlıdere	28
335	Gümüşhane	29
336	Kelkit	29
337	Köse	29
338	Kürtün	29
339	Şiran	29
340	Torul	29
341	Çukurca	30
342	Derecik	30
343	Şemdinli	30
344	Yüksekova	30
345	Altınözü	31
346	Antakya	31
347	Arsuz	31
348	Belen	31
349	Defne	31
350	Dörtyol	31
351	Erzin	31
352	Hassa	31
353	İskenderun	31
354	Kırıkhan	31
355	Kumlu	31
356	Payas	31
357	Reyhanlı	31
358	Samandağ	31
359	Yayladağı	31
360	Aksu	32
361	Atabey	32
362	Eğirdir	32
363	Gelendost	32
364	Gönen	32
365	Keçiborlu	32
366	Senirkent	32
367	Sütçüler	32
368	Şarkikaraağaç	32
369	Uluborlu	32
370	Yalvaç	32
371	Yenişarbademli	32
372	Akdeniz	33
373	Anamur	33
374	Aydıncık	33
375	Bozyazı	33
376	Çamlıyayla	33
377	Erdemli	33
378	Gülnar	33
379	Mezitli	33
380	Mut	33
381	Silifke	33
382	Tarsus	33
383	Toroslar	33
384	Yenişehir	33
385	Adalar	34
386	Arnavutköy	34
387	Ataşehir	34
388	Avcılar	34
389	Bağcılar	34
390	Bahçelievler	34
391	Bakırköy	34
392	Başakşehir	34
393	Bayrampaşa	34
394	Beşiktaş	34
395	Beykoz	34
396	Beylikdüzü	34
397	Beyoğlu	34
398	Büyükçekmece	34
399	Çatalca	34
400	Çekmeköy	34
401	Esenler	34
402	Esenyurt	34
403	Eyüpsultan	34
404	Fatih	34
405	Gaziosmanpaşa	34
406	Güngören	34
407	Kadıköy	34
408	Kağıthane	34
409	Kartal	34
410	Küçükçekmece	34
411	Maltepe	34
412	Pendik	34
413	Sancaktepe	34
414	Sarıyer	34
415	Silivri	34
416	Sultanbeyli	34
417	Sultangazi	34
418	Şile	34
419	Şişli	34
420	Tuzla	34
421	Ümraniye	34
422	Üsküdar	34
423	Zeytinburnu	34
424	Aliağa	35
425	Balçova	35
426	Bayındır	35
427	Bayraklı	35
428	Bergama	35
429	Beydağ	35
430	Bornova	35
431	Buca	35
432	Çeşme	35
433	Çiğli	35
434	Dikili	35
435	Foça	35
436	Gaziemir	35
437	Güzelbahçe	35
438	Karabağlar	35
439	Karaburun	35
440	Karşıyaka	35
441	Kemalpaşa	35
442	Kınık	35
443	Kiraz	35
444	Konak	35
445	Menderes	35
446	Menemen	35
447	Narlıdere	35
448	Ödemiş	35
449	Seferihisar	35
450	Selçuk	35
451	Tire	35
452	Torbalı	35
453	Urla	35
454	Arpaçay	36
455	Akyaka	36
456	Digor	36
457	Kağızman	36
458	Kars	36
459	Sarıkamış	36
460	Selim	36
461	Susuz	36
462	Abana	37
463	Ağlı	37
464	Araç	37
465	Azdavay	37
466	Bozkurt	37
467	Cide	37
468	Çatalzeytin	37
469	Daday	37
470	Devrekani	37
471	Doğanyurt	37
472	Hanönü	37
473	İhsangazi	37
474	İnebolu	37
475	Kastamonu	37
476	Küre	37
477	Pınarbaşı	37
478	Seydiler	37
479	Şenpazar	37
480	Taşköprü	37
481	Tosya	37
482	Akkışla	38
483	Bünyan	38
484	Develi	38
485	Felahiye	38
486	Hacılar	38
487	İncesu	38
488	Kocasinan	38
489	Melikgazi	38
490	Özvatan	38
491	Pınarbaşı	38
492	Sarıoğlan	38
493	Sarız	38
494	Talas	38
495	Tomarza	38
496	Yahyalı	38
497	Yeşilhisar	38
498	Babaeski	39
499	Demirköy	39
500	Kırklareli	39
501	Kofçaz	39
502	Lüleburgaz	39
503	Pehlivanköy	39
504	Pınarhisar	39
505	Vize	39
506	Akçakent	40
507	Akpınar	40
508	Boztepe	40
509	Çiçekdağı	40
510	Kaman	40
511	Kırşehir	40
512	Mucur	40
\.


--
-- TOC entry 3366 (class 0 OID 16895)
-- Dependencies: 221
-- Data for Name: Immovables; Type: TABLE DATA; Schema: public; Owner: postgres
--

COPY public."Immovables" ("Id", "Block", "Parcel", "Type", "Coordinates", "NeighborhoodId", "UserId") FROM stdin;
1	A1	123	Residence	39.925533,32.866287	1	1
3	A2	111	Field	testcoordinates	1	1
11	A3	1234	Field	testcoordinates3	1	1
13	A4	1143	Field	testcoordinates4	1	1
16	B9	111	Field	testcoordinates8	1	1
\.


--
-- TOC entry 3358 (class 0 OID 16853)
-- Dependencies: 213
-- Data for Name: Logs; Type: TABLE DATA; Schema: public; Owner: postgres
--

COPY public."Logs" ("Id", "Status", "UserID", "OperationType", "Description", "DateAndTime", "UserType") FROM stdin;
\.


--
-- TOC entry 3364 (class 0 OID 16882)
-- Dependencies: 219
-- Data for Name: Neighborhoods; Type: TABLE DATA; Schema: public; Owner: postgres
--

COPY public."Neighborhoods" ("Id", "Name", "DistrictId") FROM stdin;
1	Ahi Mesut	56
2	Ayvalı	57
3	Paşa Alanı	109
\.


--
-- TOC entry 3360 (class 0 OID 16861)
-- Dependencies: 215
-- Data for Name: Users; Type: TABLE DATA; Schema: public; Owner: postgres
--

COPY public."Users" ("Id", "Name", "Surname", "Email", "PasswordHash", "PasswordSalt", "Phone", "Address", "Role") FROM stdin;
1	adminname	adminsurname	admin@example.com	\\x85ab21	\\x69d9a29f5db7	5051112233	Etimesgut Ankara	admin
\.


--
-- TOC entry 3354 (class 0 OID 16839)
-- Dependencies: 209
-- Data for Name: __EFMigrationsHistory; Type: TABLE DATA; Schema: public; Owner: postgres
--

COPY public."__EFMigrationsHistory" ("MigrationId", "ProductVersion") FROM stdin;
20241215191028_InitialCreate	5.0.10
\.


--
-- TOC entry 3374 (class 0 OID 0)
-- Dependencies: 210
-- Name: Cities_Id_seq; Type: SEQUENCE SET; Schema: public; Owner: postgres
--

SELECT pg_catalog.setval('public."Cities_Id_seq"', 81, true);


--
-- TOC entry 3375 (class 0 OID 0)
-- Dependencies: 216
-- Name: Districts_Id_seq; Type: SEQUENCE SET; Schema: public; Owner: postgres
--

SELECT pg_catalog.setval('public."Districts_Id_seq"', 512, true);


--
-- TOC entry 3376 (class 0 OID 0)
-- Dependencies: 220
-- Name: Immovables_Id_seq; Type: SEQUENCE SET; Schema: public; Owner: postgres
--

SELECT pg_catalog.setval('public."Immovables_Id_seq"', 17, true);


--
-- TOC entry 3377 (class 0 OID 0)
-- Dependencies: 212
-- Name: Logs_Id_seq; Type: SEQUENCE SET; Schema: public; Owner: postgres
--

SELECT pg_catalog.setval('public."Logs_Id_seq"', 1, false);


--
-- TOC entry 3378 (class 0 OID 0)
-- Dependencies: 218
-- Name: Neighborhoods_Id_seq; Type: SEQUENCE SET; Schema: public; Owner: postgres
--

SELECT pg_catalog.setval('public."Neighborhoods_Id_seq"', 1, true);


--
-- TOC entry 3379 (class 0 OID 0)
-- Dependencies: 214
-- Name: Users_Id_seq; Type: SEQUENCE SET; Schema: public; Owner: postgres
--

SELECT pg_catalog.setval('public."Users_Id_seq"', 1, true);


--
-- TOC entry 3196 (class 2606 OID 16851)
-- Name: Cities PK_Cities; Type: CONSTRAINT; Schema: public; Owner: postgres
--

ALTER TABLE ONLY public."Cities"
    ADD CONSTRAINT "PK_Cities" PRIMARY KEY ("Id");


--
-- TOC entry 3203 (class 2606 OID 16875)
-- Name: Districts PK_Districts; Type: CONSTRAINT; Schema: public; Owner: postgres
--

ALTER TABLE ONLY public."Districts"
    ADD CONSTRAINT "PK_Districts" PRIMARY KEY ("Id");


--
-- TOC entry 3210 (class 2606 OID 16901)
-- Name: Immovables PK_Immovables; Type: CONSTRAINT; Schema: public; Owner: postgres
--

ALTER TABLE ONLY public."Immovables"
    ADD CONSTRAINT "PK_Immovables" PRIMARY KEY ("Id");


--
-- TOC entry 3198 (class 2606 OID 16859)
-- Name: Logs PK_Logs; Type: CONSTRAINT; Schema: public; Owner: postgres
--

ALTER TABLE ONLY public."Logs"
    ADD CONSTRAINT "PK_Logs" PRIMARY KEY ("Id");


--
-- TOC entry 3206 (class 2606 OID 16888)
-- Name: Neighborhoods PK_Neighborhoods; Type: CONSTRAINT; Schema: public; Owner: postgres
--

ALTER TABLE ONLY public."Neighborhoods"
    ADD CONSTRAINT "PK_Neighborhoods" PRIMARY KEY ("Id");


--
-- TOC entry 3200 (class 2606 OID 16867)
-- Name: Users PK_Users; Type: CONSTRAINT; Schema: public; Owner: postgres
--

ALTER TABLE ONLY public."Users"
    ADD CONSTRAINT "PK_Users" PRIMARY KEY ("Id");


--
-- TOC entry 3194 (class 2606 OID 16843)
-- Name: __EFMigrationsHistory PK___EFMigrationsHistory; Type: CONSTRAINT; Schema: public; Owner: postgres
--

ALTER TABLE ONLY public."__EFMigrationsHistory"
    ADD CONSTRAINT "PK___EFMigrationsHistory" PRIMARY KEY ("MigrationId");


--
-- TOC entry 3201 (class 1259 OID 16912)
-- Name: IX_Districts_CityId; Type: INDEX; Schema: public; Owner: postgres
--

CREATE INDEX "IX_Districts_CityId" ON public."Districts" USING btree ("CityId");


--
-- TOC entry 3207 (class 1259 OID 16913)
-- Name: IX_Immovables_NeighborhoodId; Type: INDEX; Schema: public; Owner: postgres
--

CREATE INDEX "IX_Immovables_NeighborhoodId" ON public."Immovables" USING btree ("NeighborhoodId");


--
-- TOC entry 3208 (class 1259 OID 16914)
-- Name: IX_Immovables_UserId; Type: INDEX; Schema: public; Owner: postgres
--

CREATE INDEX "IX_Immovables_UserId" ON public."Immovables" USING btree ("UserId");


--
-- TOC entry 3204 (class 1259 OID 16915)
-- Name: IX_Neighborhoods_DistrictId; Type: INDEX; Schema: public; Owner: postgres
--

CREATE INDEX "IX_Neighborhoods_DistrictId" ON public."Neighborhoods" USING btree ("DistrictId");


--
-- TOC entry 3211 (class 2606 OID 16876)
-- Name: Districts FK_Districts_Cities_CityId; Type: FK CONSTRAINT; Schema: public; Owner: postgres
--

ALTER TABLE ONLY public."Districts"
    ADD CONSTRAINT "FK_Districts_Cities_CityId" FOREIGN KEY ("CityId") REFERENCES public."Cities"("Id") ON DELETE CASCADE;


--
-- TOC entry 3213 (class 2606 OID 16902)
-- Name: Immovables FK_Immovables_Neighborhoods_NeighborhoodId; Type: FK CONSTRAINT; Schema: public; Owner: postgres
--

ALTER TABLE ONLY public."Immovables"
    ADD CONSTRAINT "FK_Immovables_Neighborhoods_NeighborhoodId" FOREIGN KEY ("NeighborhoodId") REFERENCES public."Neighborhoods"("Id") ON DELETE CASCADE;


--
-- TOC entry 3214 (class 2606 OID 16907)
-- Name: Immovables FK_Immovables_Users_UserId; Type: FK CONSTRAINT; Schema: public; Owner: postgres
--

ALTER TABLE ONLY public."Immovables"
    ADD CONSTRAINT "FK_Immovables_Users_UserId" FOREIGN KEY ("UserId") REFERENCES public."Users"("Id") ON DELETE CASCADE;


--
-- TOC entry 3212 (class 2606 OID 16889)
-- Name: Neighborhoods FK_Neighborhoods_Districts_DistrictId; Type: FK CONSTRAINT; Schema: public; Owner: postgres
--

ALTER TABLE ONLY public."Neighborhoods"
    ADD CONSTRAINT "FK_Neighborhoods_Districts_DistrictId" FOREIGN KEY ("DistrictId") REFERENCES public."Districts"("Id") ON DELETE CASCADE;


--
-- TOC entry 3373 (class 0 OID 0)
-- Dependencies: 4
-- Name: SCHEMA public; Type: ACL; Schema: -; Owner: postgres
--

REVOKE USAGE ON SCHEMA public FROM PUBLIC;
GRANT ALL ON SCHEMA public TO PUBLIC;


-- Completed on 2024-12-19 08:58:40

--
-- PostgreSQL database dump complete
--

